,pca0,pca1,pca2,pca3
0,-0.3370940697060362,-0.8601489275211259,-0.06105582120281476,0.6133618765431785
1,-0.278901663976168,-0.678940017257296,-0.049341910666434695,0.72190265435929
2,-0.47045610544411665,-1.2330407235905076,-0.13911286393577893,1.0398119481529586
3,-0.28983439099684116,-0.4996390569492393,-0.05514641135784466,-0.0058386670063024435
4,0.5109415831814972,3.975033161322315,0.5230229260135174,0.6658404538982453
5,-0.05332221362713013,0.5161848893483947,0.08290092152069391,-0.4326669450344689
6,-0.5506746168118357,-1.349279383440497,-0.22127770988471798,0.9902797001634978
7,-0.58009660780936,-1.6226492683310014,-0.16819328918486812,1.0340324323728116
8,-0.364589497321554,-0.643514231084092,-0.05879784152939057,0.910752990522962
9,-0.36307390194480654,-0.8604592715813609,-0.07067443405707306,1.1229096684855628
10,-0.3346515317773201,-0.6255115610673981,-0.05818325635807829,1.1851469102425316
11,-0.560087733701101,-1.3753244077859923,-0.17518870998323732,1.0867451836321806
12,-1.6296879914729263,-0.9534524154052478,-0.19960855667661437,1.0884168342659024
13,-0.38894620383002654,-0.8492435989930261,-0.11496576684694651,0.524906344986541
14,-0.04348609573969867,0.36677721403102476,0.0729694536095963,-0.7393924839573172
15,-0.1342873947425225,0.05208801323872541,0.020109431600464352,-0.3881597536626702
16,-0.29834468621639487,-0.6855736797070534,-0.07315463496696512,0.7894244605035319
17,0.5108924088200537,0.748973371532948,0.5371297718930906,1.9444325095074593
18,1.1192761998431204,1.5496416360706389,0.8142998045472368,2.3161947964193788
19,-0.14043307438418448,0.1075630096981872,0.002020722961412017,-0.4218245002857436
20,0.1178454343094288,1.3394375312368318,0.04180237926216658,-1.1943642217189845
21,0.1341313421575786,1.1138559932566483,0.13661183865797427,-1.5661656130018373
22,-0.3639050473543021,-0.8661674834574374,-0.0915967002503014,0.8759231740347609
23,-0.21541713008333824,-0.13264979350306502,-0.0333113491112567,-0.22562603430931513
24,-0.2367032384871128,-0.2094944106222882,-0.046778240795514923,-0.09263019441614331
25,-0.3847352928937904,-0.880286954804609,-0.2571044870799362,1.0890682829030431
26,-0.26678445116923505,-0.557032214068457,-0.0377299628140925,0.34149312881256294
27,6.556185255067765,2.616888126336855,-4.976886598366973,-0.9538239997520532
28,-0.07019431208157971,0.3551939906121861,0.1331222026438641,1.5210512142057382
29,0.027559994198951283,-0.4337170354513772,0.2531959733182581,1.105508400625256
30,-0.46322573178306337,-1.4255140933203092,-0.15095131797575803,0.9035768620821805
31,-0.35095024899752064,-0.6516952296408731,-0.09308387301996991,0.807136843328567
32,-0.14361818228001155,-0.018721252024246408,0.03699194627853023,-0.2112194637702806
33,-0.36679038005717046,-0.852342358245046,-0.11211687708009278,0.8700331377801084
34,-0.40842204710159674,-1.419030851641316,-0.10067173205318602,0.9737965741331518
35,-0.15140475083973215,-0.010389947174649352,0.018587071589132243,-0.40152184358026793
36,-0.3627030116540635,-0.7313934571839229,-0.09111951627680279,0.3339449938294005
37,-0.3160803873471636,-0.5213515121237489,-0.07880550659246366,-0.027837783673454956
38,-0.5526311798712299,-1.137663851621648,-0.18047350213759655,1.1153546023190826
39,-0.004474588864482539,0.8639245804986038,0.06409428909445891,-1.2564168389714627
40,-0.19566414721414307,0.09186402869493242,-0.007059550242792484,-0.08767562685168383
41,-0.4312569943155976,-1.019688525606381,-0.10880613886150818,1.0988580160299197
42,-0.3211163879024408,-0.4925851631172021,-0.06334823504500224,0.5645227935079385
43,-0.17385757382055195,0.12084800334160643,0.007884799502964241,0.021547342540348458
44,0.07858763192097186,1.0435154880233923,0.11776185156120711,-1.0141187156521705
45,-0.22392602950027984,-0.13131726116936304,-0.028686873658054914,0.2714015060369407
46,-0.38601637335538697,-0.4418048405641635,-0.096210304259199,-0.020274814935976413
47,0.0006430301893068636,0.5747804710168286,0.0930726030859003,-0.20071283095698694
48,-0.36094468964976284,-0.8045542425005627,-0.0696853886057868,0.5609703574498939
49,0.32551817242633,3.2045347078830138,0.45686660918431765,2.188631204638087
50,0.613404209190166,4.111131160072131,0.5687439975139645,1.0943525881865426
51,-0.47136272571098836,-1.5246521840860092,-0.26643052993021055,0.9082745578645258
52,0.4179913407864047,2.340176184884826,0.23471553249761606,-2.0478813879241846
53,-0.08975631111974788,0.05187190806351292,0.03046757263241344,-0.36445571953115785
54,-0.3657309457380699,-0.9022943513836919,-0.10191916264154607,0.35254043411599084
55,-0.38613048300643077,0.1657104260876436,-2.1989230786460716,0.32743515716517096
56,-0.0816996673158653,0.060563590111997356,0.03692497891339592,-0.638845636257691
57,-0.5191564624862306,-1.432554725245298,-0.17642486009407907,0.832855019496513
58,-0.3899871850697174,0.11236445171114316,-2.1910070471380014,0.36146416581492435
59,-0.18916092582817523,-0.2264436222853831,-0.02928491569824464,-0.13339975649366867
60,-0.4179199173777688,-1.1094073001942835,-0.13129762786749943,0.4824697792244447
61,-0.41848258489764956,-0.8488935003556327,-0.12157690822774934,0.3549813610053832
62,-0.3843831236179366,0.16015018250893767,-2.1967648596317932,0.33222008553370325
63,-0.486880508623234,-1.0844618086870192,-0.14962818932354,0.515241211316464
64,-0.1742651914898833,-0.175167786239403,0.004799783825185743,-0.16399623656949744
65,-0.3123773643836665,-0.6826792338256502,-0.058671704383291855,0.4485074698797926
66,-0.4865486311706014,-1.1889356561201994,-0.12972124284300293,0.6044492594705235
67,-0.5433887137371093,-1.6218528868683308,-0.16823355740025017,1.0095439822382344
68,-0.26979181088755855,-0.6859070925127496,-0.0348670272405388,0.27368806360107645
69,-0.5933601370070768,-0.8430334523000816,-2.258946568045686,1.3362695330898642
70,-0.382597052477321,0.07814475921195844,-2.2007369223258078,0.5641026568274154
71,-0.380239832298861,-1.0070125983954081,-0.10056835031250298,0.48365963199842676
72,-0.5315786925897582,-1.2640309641755616,-0.17946243776466073,0.6952291569490662
73,-0.5215065611932289,-1.280580488579607,-0.1634720770250677,0.7130431344389945
74,-0.47056416492509234,-1.4091954065120613,-0.05286564635684074,0.765236617029836
75,-0.5029184379242729,-0.2511920803962294,-2.2573610631379424,0.7454980009607386
76,-1.2855499642843184,0.41170647752271744,-0.01564510788979635,0.7643252271966049
77,0.39379722111823723,0.6996583664145318,0.4585646713666745,-0.11527465658800394
78,-0.3150394846520927,2.6972691185086273,0.33935275518130076,-0.5700755664833117
79,1.2747175545805096,-1.3024402067279088,2.378603623240591,1.2087559319433103
80,1.2175109259616699,2.161717771103754,1.5475197726387526,1.4088238514692104
81,1.4990054479962327,0.2900486860501776,2.4019778401480223,0.13740548370955105
82,-0.5184765037345764,-1.2475682209243695,-0.14504923434866332,0.7731084886659942
83,-0.22847361091018906,-0.13693059664808774,-0.033360176784645555,-0.11937158916949919
84,0.043721661681895375,-1.6448654591980802,0.2976513695178113,0.8703454450355648
85,-0.46531617416502785,-0.9750633760523293,-0.12582900469956318,0.4144574984386513
86,-0.39898583049986575,-0.9451513641542821,-0.0922722520418312,0.6630529261628423
87,-0.42429875460639094,-0.9623495579151067,-0.12073438257777146,0.4494651566451426
88,-0.3299525984347434,-0.6624489985136063,-0.07927523361443112,0.0817358936249156
89,-0.4586781034207722,-1.039782337742013,-0.12480451802597886,0.6585155379228318
90,-0.46775340314595854,-1.250704394174838,-0.13169301347890117,0.9933425636141298
91,-0.03668254892438611,-0.008532760239870634,0.04734641559230106,-0.09429575111178518
92,-0.5938897518194589,-1.4622549845495574,-0.18863326637479294,0.9122051980876993
93,0.5109415831814972,3.975033161322315,0.5230229260135174,0.6658404538982453
94,-0.27805348290688264,-0.28929646503171924,-0.05060142822073534,-0.22032706756413625
95,-0.1744790758626369,0.14462435632309356,0.018465615799233108,-0.3881671111911599
96,-0.05332221362713013,0.5161848893483947,0.08290092152069391,-0.4326669450344689
97,-0.364589497321554,-0.643514231084092,-0.05879784152939057,0.910752990522962
98,0.04224956235646449,-0.06709593721184387,0.16596168138687523,1.7058495722588487
99,-0.3346515317773201,-0.6255115610673981,-0.05818325635807829,1.1851469102425316
100,-0.2666590164159795,0.3225832516969007,0.23406886983501404,-0.49453265590468315
101,-1.6296879914729263,-0.9534524154052478,-0.19960855667661437,1.0884168342659024
102,0.08005712747330182,0.8467779499339612,0.13239812107995855,-1.1982633880419755
103,-0.2658126896153935,-0.46563847028239813,-0.03411654336096346,0.19998850382372968
104,-0.2540477029332582,-0.5982478400788517,-0.04300691814583953,0.2333284194467292
105,-0.027585898450721725,0.12826915518666415,0.043960703810878514,-0.5727025527000136
106,-0.10778173710020249,0.15984941192905378,0.03827196932148842,-0.48381673938476655
107,-0.3089748508642868,-0.6230015186543255,-0.05603884343370865,0.33225182770439055
108,-0.18220594147795968,-0.12573870902451525,-0.005569822207840523,-0.0949586793552851
109,-2.2152363045369663,0.5745982257172675,3.4605644055721827,0.1267895750845858
110,-0.3875421531614121,-0.9772429794604276,-0.12228447918390964,0.41099152112557236
111,-2.2483543722585937,0.9359133493626677,3.6873705427627805,0.563737001079709
112,-0.17803101485058614,-0.15443146583965692,0.008019305111928353,-0.15428722587297003
113,-0.07108830197828798,0.17528916574366277,0.05123400741754033,-0.19651775446849837
114,0.07887852155157359,0.7708369674705585,0.1410898419508801,-0.18510931472751518
115,-0.12557872143710286,0.08247088943416826,0.03468536142771056,-0.40105816455039467
116,0.08784662791785149,0.001664442488096509,0.13859961368603832,1.7734315648726398
117,-0.5414831673394851,-1.4000732152267772,-0.16403780552332536,0.8339637897221739
118,0.3661617486832521,1.2555687726588016,0.3654704244749287,-0.9779947449561459
119,-0.291773282903148,-0.42018909786737907,-0.07197148533133114,0.09430272099546978
120,-0.17413740466075955,-0.08120222144738028,0.008319915908146451,-0.17573058033337446
121,0.13523893839672804,0.8833894239417932,0.14355523746680088,-0.8095756381584028
122,-0.15157590093849538,-0.10222739094647136,0.05691487760249245,-0.14495201105548264
123,-0.2094435202047171,-0.3466755380046901,-0.021579626999571073,1.052479451058369
124,-0.052082451446543346,0.3609352562027389,0.0634670564563014,-0.48240397673955293
125,-2.074909365258729,1.8406381697196599,4.122662803170418,1.434473682272534
126,-0.2122312232852057,-0.2885461276004881,-0.016436348885744252,-0.245608882897983
127,-0.3889784946308233,-0.7129223842584492,-0.06176889977596756,0.15497136060204844
128,0.04289530407500026,0.6096540857522231,0.10528604461646517,-0.7281002531017411
129,-0.29884628019627923,-0.4863893013373377,-0.026317344975088728,0.22736521683081157
130,-0.2755606802290649,-0.6108015983596413,-0.031345585083540885,1.0795516312783953
131,-0.15309851638450525,-0.10113942791267369,0.01530898161148403,-0.11778505271971022
132,-0.4417369445458262,-0.06049235207763465,-0.31268574977164304,0.1111674582297804
133,-0.040629983779266535,0.3816729674089801,0.07131372170742263,-0.7061875281737577
134,-0.21515900727187676,-0.31356151868199134,-0.005771658123085267,0.02740639053616279
135,-0.030028054198501988,0.4042987409756402,0.08784110916873747,-0.8154215293458172
136,-0.1032491031645323,0.1549991059552127,0.04743144234221865,-0.4825756336812895
137,-0.159721691609497,0.01742064746065039,0.00391995098143763,-0.3373264669205712
138,-0.199345282970888,-0.23963158005471927,-0.0023925114368802316,-0.06497663101992954
139,-0.03646044603153298,0.7134965589711014,0.12945876385755742,0.312624964567898
140,-0.20222702620017108,-0.2420134329552957,-0.002390926332311031,-0.06081069987220352
141,-0.052392905675109805,0.4699094668635681,0.08195254007001654,-0.5392081272237973
142,0.10555887439971033,0.8882191410749887,0.1483158468709983,-1.1149333254324603
143,-0.2806219832618003,-0.5032186369839254,-0.046305907697452436,0.210420614269684
144,-0.09523990496303568,0.11647210751434854,0.013647431873447982,-0.5591029442275127
145,-0.03366884823226468,0.41111025591336364,0.0759432478753734,-0.5908553957104463
146,0.07156779814874269,0.8260125802797172,0.1279766755015165,-1.1907337532500912
147,-0.2829445897889523,-0.6326391026298036,-0.055649634941088565,0.5878187157439629
148,-0.006135043898454401,0.4238175411782238,0.07231182352885188,-0.3518614385074181
149,-0.25417078897725753,-0.6719454621842545,-0.03888751413850165,0.30669719372597326
150,-0.2133873815560364,-0.29561216999616485,-0.008681023779614643,-0.006864418589733618
151,-0.17706052282023382,-0.1608254359428898,0.007538677644123018,-0.15119504136551734
152,-0.055908049344688654,0.2065141013404835,0.027731821042586955,-0.6250611342637611
153,-0.20459852183886948,-0.2573303927683091,8.324533746174914e-05,-0.026841486957882205
154,-0.33433769783523,-0.9087507799123324,-0.11151277256907027,0.8503590278386447
155,-0.2025468179117491,-0.22671133211802305,-0.018582584644951883,-0.33458600639846875
156,-0.014146383804914012,0.6382269043516509,0.08651273037885565,-0.7918886910583836
157,0.01812488441821378,0.4825626111454682,0.13952934945945725,-0.6287623506341538
158,-0.31887930419557897,-0.7148006406294883,-0.045193063336282896,0.46710015295766283
159,0.06266214889272449,0.8119845339883593,0.11956651948365654,-1.1690110455120302
160,-0.2764835083262297,-0.3496107638599755,-0.029344483678328682,-0.10682119882599696
161,0.564858570099998,-0.4179231913044417,0.785573534893136,-0.16076751484728605
162,0.10910995189000687,1.171025343816012,0.2228304837637714,-0.7718848142063424
163,-0.2203934801409618,-0.2508731711174342,-0.0034444294362077155,0.043421532714699465
164,-0.22281643634341833,-0.46983195063748445,-0.02949444288298273,0.14842417965370053
165,-0.3021634964422498,-0.6402836502463948,-0.043009825702598474,0.40498388548974507
166,0.34653302971934247,-0.7659605881617023,0.6706116823256119,0.08174881376360554
167,-0.23640840619241638,-0.3321723006406049,-0.02611502178335089,0.03460668586190507
168,-0.01169082759352091,0.4969155443748879,0.09013723414626124,-0.782598826294697
169,2.032072598607355,-0.9797597240951363,-3.3513507291775624,0.5938033647081846
170,-0.07789545109427833,-0.8708384858145544,0.15617938481082322,0.23918914706602518
171,-0.08078520159131194,0.20769369556346814,0.0673185842974993,-0.5435977343522226
172,-0.16338007064627966,-0.12741858635469647,0.019783175922069615,-0.18293588398408037
173,-0.01903388151467926,0.5007950465531724,0.08185624445282974,-0.8319663769681184
174,-0.4590839232975096,-0.9393268285552459,-0.12369102871178889,0.4321887028962345
175,-0.16309480798571488,-0.09011883058317349,0.013119044960387847,-0.2069314657259167
176,-0.17419582678567652,-0.12494392974378882,0.010828556014937318,-0.08031910846376016
177,0.015257950082031546,0.6001500901502101,0.07938510065799381,-1.087671917894794
178,-0.03325075383491427,0.3775912231579898,0.07635206918191068,-0.8830414395244713
179,-0.1680111155769723,-0.08195100934432784,0.012669115407701794,-0.12195460679291244
180,0.07610674437320326,0.8474759035655002,0.12625298804061957,-1.1964479738835303
181,0.025487817859564846,0.3465549811904411,0.23074339504552158,-0.08664093545981368
182,-0.11533515143259519,0.06933299654178932,0.03883102231217858,-0.3938194796506278
183,-0.15383215770609893,-0.0959983517949123,0.02121922178893555,-0.06117585156282241
184,-0.13202941221456413,0.04955410648803393,0.026321371849391654,-0.3623549747218593
185,-0.12958200884442095,0.03774906883970993,0.026363891915868895,-0.3506226064916315
186,0.05785512075190205,0.73555824860503,0.1240124327493527,-1.0753016171072096
187,-0.06148314617665236,0.1904143876461701,0.045212031146957175,-0.22064062682003258
188,-1.3190926019120572,0.006700189473356441,3.2812258631374625,1.2928549778893004
189,-0.021026373983984235,0.49089461802789636,0.07973046004888545,-0.8262940591155022
190,0.48225393287034274,1.11354085866713,0.5243462125996032,-1.8611790420032206
191,-0.1898513608254392,-0.046187391069159346,0.018329870956404825,-0.3700306907302862
192,0.06921869930188945,0.7901810281020334,0.12880370159959983,-1.1429620430573082
193,-0.29084642072488376,-0.6628746459528736,-0.053318999845518536,0.7438028788717793
194,-0.10515209735653012,0.12466563237435309,0.04667191001033233,-0.4410118089804887
195,-0.42992759292844634,-0.9662695324165153,-0.14910648407893393,0.42206707412282324
196,-0.19958817136930204,-0.4065865401384533,-0.017529155770415958,0.08906718424572004
197,-0.2838016659485631,-0.5718339008145397,-0.06020270789980611,0.1527487192980308
198,-0.28905851320129106,-0.5508792585112168,-0.03444791426749237,0.13486759466286924
199,-0.18665768718328749,-0.16241359028402727,0.0011031664417309726,-0.1399977497141871
200,-0.12618058914172706,0.10221948802002008,0.03913040568133534,-0.5313817552083321
201,-0.3311038270426517,-0.09684679900432164,0.11835180226463747,-0.24156321736118644
202,-0.05512551142734008,0.5085187033938615,0.06822555310450609,-0.6518079949579524
203,-0.26380403647874195,-0.448572757270517,-0.03676515581473881,0.15629263435603558
204,-0.1920065338020186,0.16716097738222338,0.208592795903315,-0.6820433496135353
205,-0.08573980122066807,0.48778104615072015,0.08823535663848439,0.1871529386612396
206,-0.24612757149902187,-0.3972679779626163,-0.031021645516177636,-0.04851232976758557
207,-0.23293102371408947,-0.30396072008312724,-0.021204384785590603,0.043343677388994285
208,-0.015854230782109003,0.492970473397961,0.09131858775922189,-0.8542528034295308
209,-0.11083061001186266,0.10066384026743867,0.043468908244523125,-0.4222125348477735
210,-0.03119369002673269,0.4071201274047232,0.07353066898566836,-0.4906799172370605
211,-0.20345765678492855,-0.64077793508234,0.14385757721343737,0.20207863447418545
212,0.011123478161234475,0.588402953973965,0.09730820447400602,-0.9265942709103151
213,-0.060633839747099356,0.23617048893694947,0.07072575496511464,-0.5580183628734912
214,0.04015617246603693,0.7319020695801856,0.10619937280722015,-1.0783098290375615
215,-0.08747134682272542,0.1340762879625264,0.06002232537566165,-0.45758807639603166
216,-0.360497062755892,-0.7521274320932424,-0.10333474840966161,0.2630870756403058
217,-1.5158682263719927,2.637016806397852,3.6614600253160328,-0.6254910029873477
218,-1.334255754884273,0.2527995395339806,-0.11444772945079192,-0.04284167855658245
219,-0.056334486296286845,0.32460673768881115,0.07174045357101413,-0.6568043747489176
220,0.1189461911848105,1.0004516208948526,0.1481985894003536,-1.3606704677239259
221,-0.058077699680577,0.3442982279149901,0.053692553464936295,-0.5352140633579549
222,-0.014272947382203607,0.4973265066488394,0.09013484015763874,-0.8378420496771843
223,1.861084265658671,-1.5133681063641755,-3.3933431696074012,1.1231672669732051
224,-0.16967830575782136,-0.12240290033130037,0.012238706226970077,-0.18651366480828746
225,-0.14331285557202583,-0.010987785342460078,0.031957883280130994,-0.21716862379372068
226,-0.2712454489342801,-0.5540163656003572,-0.03454300441177139,0.3692305576947885
227,-0.017951695387674344,0.33896492482415386,0.07272674483093966,-0.014047004202198097
228,-0.4712366682961057,-1.1422245169191263,-0.12230633762781351,0.5473637462402147
229,-0.1245243084773908,-0.11948136739953259,0.035004165686182545,-0.1431574758734197
230,-0.05269640448411658,0.3765278056180578,0.069834393794161,-0.7480121469510597
231,-0.36992005982517795,-0.9351797450668806,-0.09248559994952328,0.8521282458126462
232,-0.20770836660158953,-0.2542861083552899,-0.009440531263957603,-0.050171278317045966
233,0.23198070133816223,0.8817174660366013,0.1890303894015537,-0.6356419294185304
234,-0.16587897374862737,-0.11053926128568653,0.012624236921064586,-0.19058720487984773
235,-2.3075661471620994,1.6144648540285953,3.8880685833825583,-0.04836336848012886
236,3.332762780853929,-1.6315840045205945,-4.408773245423739,0.7720353221468755
237,-0.39547326733789506,-1.0763121011821655,-0.08895051778250468,0.9829923954488111
238,0.07181696737045143,0.4980472054092946,0.12674010601625293,0.1006892119637519
239,-0.3545828593369236,-0.8268701910610311,-0.06799071605322034,0.610262304038455
240,-0.29187233677853924,-0.5725618252817176,-0.038354675653081566,0.2919939673827492
241,-0.0297348177596036,0.16817023221228955,0.13640611539245634,0.19389160450729173
242,-0.0670206088073276,0.30006797236118415,0.05659016107192221,-0.6278482552361426
243,0.5931984254877942,0.9137963860905446,0.7859872222764056,0.5765488315502156
244,0.08213065615814638,0.7059595194308157,0.12201123349609168,0.00980219660393724
245,-0.1886519058457201,-0.13739240481446424,0.008280786953867249,-0.1323754956951882
246,0.07535676759587465,0.8386708366939402,0.12611687345158892,-1.1765298368938806
247,-0.22626058597096807,-0.32717319547311585,-0.01396764558559046,0.024670854055146352
248,-0.08018943157871639,0.24264528683442885,0.05594176149754779,-0.5574365198375852
249,-0.035236029570745515,0.3944844600126747,0.08127917595822234,-0.7429161694770273
250,-0.26393436740636567,-0.3934023450658961,-0.046324734245862025,0.023358078342336
251,-0.23603884644292097,-0.3782203244217984,-0.01812242556578869,0.08364167019569903
252,-0.06081509067448207,0.3780876609209236,0.0608894080581876,-0.7556938559435116
253,-0.008161276694235943,0.48363272547666664,0.08349457833831767,-0.47261645351805137
254,-0.059309241313439516,0.3316883483396601,0.06983136901154798,-0.7394970388719971
255,3.324333073671188,-0.9368451442843305,-4.54503528995839,0.249856260695156
256,-0.12893695426488017,-0.05446245656448628,0.017998680623020447,-0.17680124730748473
257,-0.41671542200868467,-1.0634259380618643,-0.10486694911761923,0.863797754431209
258,-0.01848297684160217,0.4641448780160099,0.08931038934567848,-0.8014230192657046
259,-0.042106968701293886,-0.5151368102143414,0.22673885498100066,0.260892884565172
260,2.694283721092473,-0.13586189032990584,-3.4768809365614226,-0.5155718114718263
261,2.8935500395134506,0.5359197868224552,-3.284083356180135,0.12386598818681513
262,-2.41266524949603,0.2526966427068991,3.362895127419137,0.627424519115003
263,-0.059793366142316326,0.315227837481467,0.07142328393632645,-0.6529944786789782
264,-0.11922056426946258,0.0820331536883956,0.03671817597200175,-0.3977931465609198
265,0.523938033680797,-0.8792746148349335,0.920886007044474,1.0099874641943414
266,-0.3335142183402569,-0.7196332371320322,-0.06392624985283309,0.43407731383731984
267,-0.1213305298738237,0.08913286139305353,0.03890704160364478,-0.4108864757687704
268,-0.1674051955463647,0.002792563511845546,0.00626703063410338,-0.3917842716508538
269,-0.03177730310996674,0.4300601356874646,0.07659397098597452,-0.7678262668467911
270,-0.10159184217265584,0.021725106979576147,0.08560730638068217,-0.16605863299451537
271,-0.2520193140522276,-0.30315461976134095,-0.0409772993351848,-0.15881414079609413
272,-0.22490995312286746,-0.2624370313394898,-0.037664872159826716,-0.34460766379610897
273,-0.2477087839511243,-0.4034653436854664,-0.04064561324892165,0.26868081059384785
274,-0.23977407392177455,-0.37190040134684776,-0.017196608499076532,0.079380085226867
275,-0.27785384320049816,-0.5011808443597157,-0.04237193585157626,0.21319986586399595
276,-0.07248430311846485,0.2234049280353973,0.059285366521255316,-0.5404864471083483
277,0.15016952361472696,1.016133295128091,0.15181571391415005,-1.1585231151151079
278,-0.1948778123852062,-0.22813725747863325,-0.008054358618664974,0.34621702106810337
279,0.5079982167313059,0.599376738962033,0.6400059926563385,-0.5089446695999114
280,-0.0891441407616964,0.20647982953468516,0.04544217138151465,-0.5246062070554136
281,0.6795058696993075,0.336667316799024,0.8733760397594756,-0.9321915976392325
282,-0.3621896276408234,-0.644358146647827,-0.05959953205352049,0.8085524624420924
283,-0.12268251320925888,-0.046038532290106765,0.03993052114271314,-0.09688352694539443
284,-0.19837851341481078,-0.22767691457946027,0.011425408585374148,-0.08706781068753314
285,-0.037454578708515276,0.4188767977938939,0.07142164472548676,-0.7462947306352271
286,-0.08709581892862145,0.190583247848738,0.0474308261709066,-0.5033637910623858
287,-0.2151997248468385,-0.33319476132454867,-0.0025015267979705664,0.033390964900855934
288,-0.10195239384758631,0.18757028569156953,0.043096639480025734,-0.5432291130507559
289,-0.2568494133730716,-0.4230614178228184,-0.02913709222468858,0.13459785015534348
290,-0.1448765400418512,-0.015461691680714255,0.024700369335628122,-0.28867340975406997
291,-0.10269649230972869,-0.04322377848075586,0.04114103403232196,-0.13183258358366004
292,-0.19305084775437042,-0.34546801685721784,-0.017804326293452685,0.00801171613295172
293,0.08981663641164805,0.982538168459784,0.16130370362229016,-0.7132979052663726
294,0.12521489394343616,0.8661770065271407,0.14901194332592638,-1.0099793991087715
295,0.06935192539769985,0.3539079104431877,0.12965486757507505,-0.4127908059595962
296,-0.21619903799370038,-0.6470971031749464,0.0022323983832025778,0.08640718527199974
297,-0.07416144149827184,-0.49293594239704575,0.21680552701324068,0.9475109844175181
298,-0.3690481956425461,-0.9240160445033281,-0.10352328569381962,0.5365729190206447
299,-0.06162685098313232,0.31401256595713367,0.06553731494454969,-0.670867366341256
300,0.06749411724815975,0.8025109576512374,0.12366050639272191,-1.1300574311321827
301,-0.25688547755823965,-0.5288145369850795,-0.02554857408768142,0.32033820777464567
302,-0.08804734200299269,0.11102849165368696,0.03403182063068755,0.06264822874648941
303,-0.24484362919680966,-0.35482802665059754,-0.02062670935999648,-0.032177421940515434
304,-0.4133034583188787,-1.135616084140704,-0.1120520412780552,1.0548181301426685
305,-0.2030146379026245,-0.23444239093028532,-0.005260732659902188,-0.07083871148460853
306,-0.2344236397471699,-0.3402977307378069,-0.024739487928228318,0.15045179949414994
307,0.15924498167947565,1.0344415592407186,0.15416078849105624,-0.39332117683911866
308,-0.21563819234869455,-0.2817498827397895,-0.015186703369571833,-0.08640006231395192
309,0.04953531984587749,0.7853973451868654,0.11410648655186076,-1.0705702880481653
310,-0.14180470880568982,-0.036850501411291724,0.026611117242546924,-0.27643085982502574
311,-0.7235406111728692,3.9783676748600816,3.8663867050353797,1.0250645608308147
312,0.052562880428796116,0.7549213260804307,0.11491862008559496,-1.096255939202108
313,-0.20360145734606216,-0.22169903529720333,-0.007214977281293154,-0.08277188261344733
314,-0.15198521963656147,0.18224387930074287,-0.04936895185135673,-0.2134907179608414
315,-0.04695276482698882,0.2021957929324962,0.046607924238691256,-0.5689627428640637
316,3.151344916213667,-1.6385120039718009,-4.614496544888616,0.8955965895651712
317,11.672766253318365,-5.535693890551861,14.547398058860248,0.950916949268421
318,-0.39247801151862194,-0.9422263775570102,-0.10897805091075753,0.3824378418454777
319,-0.05970834615639861,0.279523401721753,0.06632062946561551,-0.6035269978630341
320,-0.0240317842226353,0.34060865641209437,0.12162865411682088,-0.6246265555191411
321,-0.13068864932700927,0.09226759249955761,0.010376724144973268,-0.38037763650992396
322,-0.11913849387813316,0.11648801590082332,0.03531664754450871,-0.4295470610786962
323,-0.289833119209559,-0.4952776140190354,-0.033570611057362275,0.22615627407230568
324,-0.4436801711726407,-0.8631121910843416,-0.12442606303714311,0.5044807318508149
325,-0.2076330988492045,-0.23471410611911436,-0.0020544722584727544,-0.07329599163993736
326,-0.26879571794387364,-0.4732333799729413,-0.035804561508800486,0.18862260089049085
327,-0.3537976696255934,-0.6250318787151964,-0.05534829223825531,0.24033814206803264
328,-0.1638717174855422,-0.09841608225911698,0.013987336527495139,-0.2114860123387254
329,-0.0154892507336661,0.5141443560528896,0.08818093280169226,-0.8860210032294509
330,4.182298949128311,1.063969818281843,-3.8762239669331184,-1.175211167642148
331,0.10036463367835821,0.8984392753104778,0.1471557830573977,-1.2436572773120962
332,-0.21199431250519263,-0.24769636397803618,-0.014251193352386728,-0.0645659506581975
333,0.0008408544314865289,0.5450425353083451,0.09282696279059394,-0.8912716357670115
334,-0.09879475729183138,0.13934268695898466,0.04777114961890705,-0.45012213910416876
335,0.021043842391277653,0.6238428050807153,0.10140313758029874,-0.9622949840658255
336,0.26926902684290466,1.1474516115685576,0.31634140981351744,0.02608974854801733
337,0.0923825635001905,0.9043586593984252,0.13958386666015002,-1.295888250089858
338,1.1571645927579977,2.8612520808427435,1.0186313445285196,2.5927079292805226
339,-0.24094612770004553,-0.47044439509651154,-0.03386912303881805,0.35965109108169313
340,-0.09519272730673124,0.1635252794472224,0.04729557452697082,-0.4883125829608544
341,0.039829429989361995,0.7197272548374284,0.10027948273286788,-1.0498638289452624
342,4.636457430384939,9.993206665322006,0.6077125279593777,2.223163114603864
343,-0.10358194027712375,0.1331924375008555,0.050311743181510854,-0.45878147064697955
344,-0.33673333771861436,-0.7663393855399456,-0.058396302136356555,0.4930599044659894
345,-0.007495082251970916,0.2940511426150226,0.0871112424604475,-0.5134052032991692
346,-0.06871908888146035,0.30541689210428247,0.058012843605224886,-0.6484922047776259
347,-0.3217097555849936,-0.48622033518367674,-0.04554280630378927,0.08946969327809139
348,-0.05635122002272133,0.24230260704453033,0.0338413046615357,-0.7081218273465747
349,0.17509123714517846,1.0029234052851161,0.16484424757569116,-0.8991483071180326
350,-0.22016628799272367,-0.19542038167812278,-0.0074758817211550725,-0.16189475271563136
351,-0.23198846277607715,-0.18633698503427595,-0.0043142069115280025,-0.2267390474873084
352,-0.20243019949835547,-0.241815899968781,-0.003784737832150779,-0.06269637575306312
353,-0.275682972394246,-0.5382531913327705,-0.03847359315724283,0.24427410951910541
354,-0.2369888462739082,-0.4028004644056048,-0.02417289312995607,0.16382039779804938
355,-0.11996624856192249,0.04656477202906437,0.03542152937276816,-0.1727758818584468
356,0.007283639940520588,0.5484000596421075,0.09385621059151489,-0.8789507464575267
357,-0.2645142721976178,-0.6415528087560811,-0.06453297227345618,0.4700221381729072
358,-0.37696225195646677,-0.9735870100549817,-0.09762303748656793,0.9252072464695931
359,2.452681615116152,-1.0038082882524997,-3.5851219924133786,0.344294158514988
360,0.06933533732069862,0.7610148047549468,0.13488082351474617,-1.1164524594286274
361,-0.09074307247298208,0.23034330607241635,0.04449907043337187,-0.5566601154059843
362,-0.1899422388408451,0.5293057126451048,0.13966790289006603,-1.0599001580970169
363,-0.2298466178011938,-0.5019514783382353,-0.03004095140642304,0.1902728196126282
364,-0.054600156572235256,0.3166234468679426,0.07114988987023031,-0.6084130932500106
365,-0.020004005487968334,0.45097505537472327,0.09008203126912415,-0.723745307445704
366,-0.21036214947380608,-0.3474779545755106,-0.007390339160691737,0.573771735868861
367,-0.06536470802126397,0.2716461643288608,0.06130842990709586,-0.5873723551482251
368,0.04964589346896586,0.7366653709526939,0.11793436607204939,-1.0884743759198643
369,-0.11893129108285738,0.0790765763468126,0.037066354836558214,-0.39351714490658557
370,-0.0792016648800249,0.22724926919693483,0.05943457501140485,-0.5810701410609149
371,-0.0637528435302802,0.31183443781328407,0.04650441290853519,-0.894222866899075
372,-0.10539130413052077,0.0954157517690692,0.04626283263969502,-0.41443931550611224
373,0.3511022601066637,0.996841767872258,0.2709273826041589,1.907183202054342
374,-0.05596398721933135,0.3153243279077803,0.06070620410714631,-0.6316995802765346
375,-0.059322524399329175,0.31105592077656014,0.07487230809705073,-0.6766585691046496
376,-0.1296220186443756,0.08978149424121083,0.014054869688915143,-0.5321751581702531
377,3.4107186944792627,2.6363202527503313,-2.9466050507044623,0.5967301019967011
378,-0.0463406234034956,0.38909173081101617,0.07402336482536227,-0.7371675151573258
379,0.04746075841628607,0.7352959752558591,0.12035414220220927,-1.1289369697752087
380,0.8437088660841363,1.225175121662643,0.884930275264064,-0.9889229580070611
381,-0.03776767435897183,0.4026142057740261,0.08274204937567156,-0.773288788751883
382,-0.4484559717823251,-1.152570737429305,-0.11572735299597874,0.8547893622460535
383,-0.122520035707473,0.14252071731519977,0.01371863473332976,-0.16854615324064615
384,2.5792491869088,-0.9014528161086367,-3.556189371852235,0.4902355196519263
385,-0.0946227093972084,0.2827529474705474,0.036589833926284974,-0.2921274364375719
386,-0.18985188889932922,-0.18610463170179004,0.008547288158952995,-0.11239257440652947
387,-0.03751830943228284,0.4018228229151749,0.0686393178769217,-0.7259400213692494
388,-0.30028667193259073,-0.6548083161809306,-0.06371578228010798,0.7064461467272579
389,-0.18231370822258008,-0.18951988970081735,0.019945058925686866,-0.23819545708858983
390,-0.10319368801063883,0.09401678097358016,0.045146777887555826,-0.4337540476348187
391,-0.12403831998758431,0.09947293525408145,0.021929199216247457,-0.49756644290336055
392,-0.33559420933609474,-0.8688850642678667,-0.06232036022299973,0.7060792326426732
393,2.926857670924993,0.5114596877229671,-3.196766579554098,0.3773991652265867
394,0.6353800356738422,1.4747917224657454,0.6118206703899034,-1.0457742574062288
395,-0.18320091078920134,0.021921006794691153,0.019905391130624027,-0.07516156374309155
396,2.1235991293872876,-0.6069510966140406,-3.2991801980990805,0.44125425366161247
397,-0.11775235890872425,-0.06869701511568824,0.020257712315563878,-0.17314480570184906
398,-0.3514535688948455,-0.8459752157533856,-0.07687085478438553,0.7419531082498372
399,-0.06874662493863465,0.06295935697826367,0.0401687937152475,-0.5564188186246817
400,-0.1255788976119482,0.06141451925841248,0.035137925141104524,-0.37325928231659333
401,0.025881752848135195,0.24662967067326144,0.1128594662750246,-0.273458077329378
402,-0.36770911503592874,-0.9028546869129184,-0.10627186768061048,0.505306412335762
403,-0.09186245273006323,0.17140319088042277,0.05021495539604503,-0.4910939911090393
404,0.030691233207191828,0.5095968322644167,0.20194730884986842,-0.4675280053734946
405,-0.18945030530275045,-0.2282539028582202,0.008252439682934487,-0.0507648835678274
406,-0.030800035549722795,0.39099180991349974,0.07921247017525634,-0.7184539196334161
407,-0.14282364002387696,0.055816568417672546,0.016192184425630494,-0.38928581940288676
408,-0.4093300179777173,-1.0462472436741512,-0.10898649276581539,0.4495073423694181
409,-0.16563736156063416,-0.053722094039361235,0.019412218190383704,-0.2824098376198836
410,0.005458247137156441,0.5001957653232604,0.08565367623236089,-0.6755961826647805
411,-0.1277250535227479,0.039382597239632694,0.0317657682711566,-0.3517301038842975
412,-0.26898113935274415,-0.42520757191476083,-0.013477400837197789,-0.035999107252180106
413,-0.03355191246446578,0.3338375437775902,0.060644095916379676,-0.8251115003289184
414,-0.1748122933732919,-0.017163737491545695,0.032329216079913736,-0.40488294357511034
415,0.02562090975802265,0.5650740025554818,0.10398765978783733,-0.3057858193753051
416,0.02681994497978549,0.7939798964517587,0.10583610513020346,-0.5592762167378377
417,-0.1417386638201866,-0.04942619686299896,0.029668253217272386,-0.2646461646364442
418,-0.16196225998469063,-0.09742707659499313,0.01961985965864236,-0.21531101780275347
419,0.008920498524487225,0.7480294979858395,0.1908292897109865,-0.15038304121616355
420,-0.3421342600326465,-0.7700420443055134,-0.08087548599063295,0.18811137354772337
421,1.3652192802714267,4.869999717175526,0.7333281837504417,0.428245708385228
422,-2.7923726577209003,-1.062796821658772,3.3406932873744632,0.9385932066822014
423,-0.11962897180789882,0.13132619889315675,0.03245631714498056,-0.45522691174964725
424,0.018944569175812463,0.5569379426304921,0.10793340748724789,-0.8935703305339526
425,-0.3135853235706279,-0.6678471763420482,-0.06640465080575354,0.09350334421060738
426,-0.2510953218227753,-0.4588536040605498,-0.03405968362132882,0.482595427174811
427,-0.16768021808744846,-0.10463569748982668,0.02033874323661541,-0.21200184680547157
428,-0.36340898986056597,-0.8884404805264147,-0.07658191907695382,0.6160704001893932
429,-0.2333067259645274,-0.33697321626672566,-0.019579432124532413,0.035689591883511056
430,0.014513063455039991,0.5563461527232367,0.10076174164234954,-0.8826487434378233
431,-0.1518711707357925,-0.07224860006555572,0.021245417216152928,-0.23524115629590098
432,-0.3511422188057356,-0.5618975505344487,-0.10918598321621567,-0.00012027457770974638
433,-0.2765990465781485,-0.39065905501080816,-0.04223089653815201,0.24283594329882593
434,-0.22813810784183608,-0.295251262256976,-0.019373074037799195,0.0026943004065200053
435,0.19766223642805952,0.4015734334693837,0.44539454073972384,-0.5774612251446207
436,-0.178173128415851,-0.03821492448653516,-0.007399325817299606,-0.32230176990145837
437,0.16758099003843885,1.3680168611596133,0.22512237070664934,-1.1662692668694097
438,-0.07562033753129728,0.03889548433707746,0.052839796762604634,-0.2609105701764571
439,-0.18498422321120914,-0.1739530154056031,0.004705677617891802,-0.13043022863150627
440,-0.26415859264291486,-0.5091245481005519,-0.021143166155945758,0.22538218942350902
441,0.050582855968434044,0.7516168123795401,0.11817556723505689,-1.1216376463191127
442,-0.04052897229232157,0.39899611686254005,0.07946275486546794,-0.7440371445774057
443,0.004696427894365139,0.541736458866451,0.09992207856266304,-0.8904883460313218
444,-0.15323307610131923,0.06803580848588767,0.014259919982042795,0.21233088139217507
445,-0.2011707483276482,-0.2654321790257693,-8.181937585751072e-06,-0.03890352726916636
446,-0.028117464289381652,0.3475947888508611,0.061854041614222505,-0.8008651732161213
447,-0.37737557335583427,-0.8429940397892746,-0.08356061624133995,0.2882349430276369
448,0.165044654030305,0.7954280165449138,0.14706713474919317,1.1889685250405546
449,-0.2577723366545413,-0.44069315509729623,-0.027811214802756834,0.15786435461885565
450,-0.0037264647111701897,0.5282388402169352,0.09618107812375865,-0.8689167026346438
451,-0.051795271415367015,0.18708039402047127,0.04415601318109648,-0.4026016202768649
452,-0.2270006614917825,-0.3595380317236883,-0.021552413647861743,0.30649785857769085
453,-0.28112147675974597,-0.5455367276786436,-0.038701471978479965,0.24794677822887168
454,-0.010083775021992796,0.5034454052113313,0.09169225015374557,-0.8301906742782132
455,-0.0013248459230772412,0.6020763268376788,0.16433829527854965,0.30182753556741004
456,-0.22535949195057928,-0.3131036080928218,-0.013228460955662852,0.21504702827930086
457,-0.24462045957813078,-0.4427400188054655,-0.017587455335968224,0.1424886381211719
458,-0.046295221333627866,0.3476067458955473,0.07932139606910647,-0.6773804028787115
459,-0.1936977477360288,-0.3853182266258291,-0.01715916225541044,0.9680658953778776
460,-0.3387718096239897,-0.07856102716937292,-0.12543558417607306,0.01977595009595654
461,2.2030541392510634,-0.2931278471452743,-3.2650767544529664,0.22114028030833038
462,-0.14875425997250027,-0.04792681223553045,0.02040340811151424,-0.26554243406328265
463,-0.49604158707983237,-1.3706364452988846,-0.15117685405213052,0.8776167656143974
464,0.2596499546962326,-1.489144414837879,0.757311521042554,0.586609794986034
465,-0.06641465357355722,0.3308581398946235,0.05803191717846979,-0.658444561461661
466,-0.3159683288696056,-0.5236257240726271,-0.06659709495009006,0.07110057416149615
467,-0.27482494956972064,-0.49811620675026674,-0.03375238187000278,0.20261378526187349
468,-0.14600689359451827,-0.029682376717668702,0.02116752997540455,-0.28485919145095123
469,-0.3759135909176096,-0.8158312254063814,-0.07874495193049846,1.0752626981333941
470,0.008551158277267148,0.5382545074866076,0.09590603678577442,-0.5871245858712576
471,-0.020457197743997003,0.49405365604257223,0.0768471570312524,-0.8048525649554333
472,-0.17027828942571996,-0.10832538735913601,0.014830393138180254,-0.20991022679773624
473,-0.3428361025855676,-0.7993948118210409,-0.09620789892081329,0.6207607636066751
474,0.38852072364296425,-0.17439912867120583,0.5472466942827817,0.2681501546416718
475,-0.12465166668485855,0.04459174632642642,0.024450023342840126,-0.3332312389672441
476,-0.14252666045010345,-0.03652018424984629,0.028379285374671923,-0.2760389321369584
477,-0.32018468244148074,-0.5704976359394873,-0.04843977727035712,0.030241765008171762
478,-0.06408977844811319,0.3991902650519073,0.04098914891909175,-0.4202153389245788
479,2.199402249322851,-0.39510349282388735,-3.2849560845927446,0.023221922907620523
480,-0.08866635950084369,0.2885087578091905,0.03079639980024773,-0.42068571229586854
481,-0.18417547176013366,-0.18552356828979577,0.010493441604346178,-0.11201957581899853
482,-0.46229401830863376,-0.778361725718342,-0.10785114119143319,0.31422705648157967
483,-0.09752010170686279,0.15617711419279726,0.043545836369848184,-0.4721582687343039
484,-0.11383089510690489,0.09505184112601188,0.03773895628140048,-0.4086202211335381
485,-0.30763607151567435,-0.7216855662798572,-0.06718425130532275,0.2393926124782313
486,-0.15755023145322813,-0.09624877344721683,0.022095596045765376,-0.21475382576150664
487,-0.17929572891053952,-0.15751193335513264,-0.026269135572533398,-0.20137398582613805
488,-0.11413881630286761,0.10394954519446145,0.03569198708845613,-0.4196868807290621
489,0.04643342294384192,0.6106981564431295,0.11783808579065588,-0.5179392891438019
490,-0.04230763892474813,0.36745451945962754,0.07569760578704883,-0.662001267505379
491,-0.05358774872172346,0.3171810411664511,0.06178978708278235,-0.7898465733540897
492,-2.487080203578149,0.4364876981144307,3.5405047318277654,1.0802231670686946
493,-0.15397664108486564,-0.03483077260295972,0.0042040120220593205,-0.5143230267613916
494,-0.13610645437736918,0.014498191541467855,0.026813203663924486,-0.3280940928785812
495,0.08145709683442094,0.8364473064584438,0.13635131038357642,-1.0933769216429312
496,-0.01280954876048652,0.5124705237710199,0.08680429902069006,-0.8464185144470423
497,-0.08591059564632816,0.20384639044308397,0.0519365994727996,-0.5039901341068723
498,-0.3441382545394336,-0.890355975171947,-0.07364995867522897,0.8083405650485119
499,0.1793859146247874,1.2529986406075335,0.17754689465407564,-1.6429606717607872
500,-0.2790299456434523,-0.46161762486822977,-0.04035565338813553,0.3955631974733281
501,-0.3215787766136859,-0.4718903987767319,-0.06005821460739222,0.35924843337359036
502,-0.5295547679745661,-1.3682287713650172,-0.1598723356106088,0.9624594290644493
503,-0.42440586226646215,-1.0555595513442186,-0.139123530617703,1.050123599872868
504,-0.212623537996417,-0.056781369683299755,-0.03306447610840544,-0.22303832378329172
505,-0.5207422454049251,-1.1338931121890872,-0.16101762690364768,0.7302062990312848
506,-0.15038691835851825,0.1310611267098895,0.02557534568349484,-0.24768883187297355
507,-0.5066870619275046,-1.3188859568340794,-0.179952807341391,1.0412881270537784
508,-0.4047273494812436,-0.9062593928507369,-0.14129282440074784,0.8529802109924611
509,-0.35158003396990206,-0.8044066825660676,-0.09778869840190216,0.9690005699591621
510,-0.4524534972157454,-0.9232428326609167,-0.11821157355836137,0.43839401353271074
511,-0.1548720852316206,0.047273848336374935,0.022765842799963593,-0.19820876631811762
512,-0.30922070899553383,-0.4393978565326581,-0.012769777119031505,1.3705959955047629
513,-0.39288959318312877,-0.6983084284025278,-0.11349562217106883,0.3150316789442646
514,-0.12144129740869508,0.17537117906729957,0.05089900157764728,-0.3497064065209161
515,-0.4280203823457817,-0.7154100552380737,-0.13309364751017944,0.13830149500070363
516,-0.41371271578416063,-0.8258916912552707,-0.12482097220516267,0.3154680825035218
517,-0.14503242814278244,0.18195707577271952,0.028980647286913817,-0.3209039977007786
518,-0.3180839310045603,-0.4969245243035088,-0.05122011595547299,0.40301852110655406
519,-0.5721126945164231,-1.3973498451410282,-0.17725489441546108,0.8903105496129905
520,-0.16625146332385946,-0.231568314136483,0.0006842507158525467,-0.30321860384192834
521,-0.5701977107494516,-1.4798311713182393,-0.17703681352017595,0.9101657641230119
522,-0.6129880987180777,-0.7617066360119564,-0.36826980839484025,0.5290598714952999
523,-0.5933862006035681,-0.8196152004228512,-0.37486796825238594,0.9674621159130853
524,-0.39340567519168707,-0.9478310112121988,-0.11553349679905986,1.2501875070264137
525,-3.0892271758856937,3.0362767131047077,-0.3881208752025896,-0.18851735083779922
526,-0.4596678860660573,-0.8854797109886369,-0.13474339109825723,0.4216262397744897
527,-0.32044372377079355,-0.6008925173336762,-0.09099069662654653,0.025020305983557964
528,-0.5298457073243785,-1.226954489338711,-0.2159170268463843,0.6749545215263503
529,-0.07643234226563714,-0.020283242601283075,0.03991470001536129,-0.14268864620334734
530,-2.9678193011114233,3.419538262156211,-0.325209096447343,-0.5532099046041677
531,-0.0794453063310797,0.27882948542059355,0.0506629190516004,-0.38803678009143083
532,-0.34562932931662277,-0.7091650006890459,-0.07003107978853268,0.34885440802985884
533,-0.0478437203221872,-0.16057080350069047,0.1449137135633154,1.506458582115941
534,0.0644598801272325,0.3163553954177689,0.12478129192201551,2.0181256745767286
535,0.6457021884996067,1.1950754263938057,0.5833476338308364,2.690782798567084
536,0.4352370293726838,1.3365496417300562,0.32869985903179033,2.5062005681429445
537,0.14982623146364224,1.2172956074177779,0.422367918586004,1.0766316638994091
538,-0.3206220488644131,-0.7176643573958463,-0.07096770254593464,0.23517499815000584
539,-0.2759662226322666,-0.5391751272885709,-0.048633064119120224,0.007012783307369487
540,0.12509963437029437,0.4958400819498503,0.18881999153405715,-0.20974836006934325
541,0.6756788760077802,0.45690599668444737,0.8811380354625147,-1.1469506105626284
542,0.14982623146364224,1.2172956074177779,0.422367918586004,1.0766316638994091
543,-0.5184765037345764,-1.2475682209243695,-0.14504923434866332,0.7731084886659942
544,-0.1785177303567502,-0.04626295654656453,0.0025803446873742934,-0.3436696286946245
545,14.078412111716053,-3.1475682710476893,4.758973633615188,-3.9406805068971726
546,-0.4044756411013497,-0.9280608225943673,-0.10369094599090696,0.557899697673538
547,-0.4379002533154824,-1.0719028587008603,-0.11093884113433036,0.9184142181624549
548,-0.22847361091018906,-0.13693059664808774,-0.033360176784645555,-0.11937158916949919
549,-0.41158359114914483,-0.8220230781164819,-0.09932662807260761,0.2808182067146937
550,-0.3065396072251994,-0.7041449541882768,-0.042991673605087155,0.28486198817980724
551,-0.49062845466890426,-1.3537081298590292,-0.1307649171850119,1.083579895052006
552,-0.20797546463224023,-0.16369902352288743,-0.01605563227615274,-0.22964758880328012
553,-0.32635259755159046,-0.6513958108803537,-0.06088239167894653,0.27532842654217493
554,0.043721661681895375,-1.6448654591980802,0.2976513695178113,0.8703454450355648
555,-0.3736952273211943,-0.7902763544772909,-0.0805275674162467,0.40001192280111225
556,-0.1431344025596062,0.042781171151311755,0.022533746869890646,-0.4406136227110087
557,-0.31377304019481256,-0.721260487230171,-0.0598690709016707,0.1917560390592673
558,-0.3793864485406068,-0.851677543100275,-0.08939235001910387,0.6045667022240514
559,-0.28553786502222284,-0.4921255904742558,-0.04784464393128936,0.11272911696322284
560,-0.2827015893385461,-0.42769359077870256,-0.05228126435593753,0.016469736345591436
561,-0.46531617416502785,-0.9750633760523293,-0.12582900469956318,0.4144574984386513
562,-0.33106864050192364,-0.5715790037969447,-0.0683182747228503,0.18888737764430427
563,-0.18554832400386737,-0.1077184629466183,-0.003438313954743391,-0.2641798017315238
564,-0.39898583049986575,-0.9451513641542821,-0.0922722520418312,0.6630529261628423
565,-0.38539083257209966,-0.8751414640361596,-0.09366816889601016,0.5096851216464129
566,-0.42429875460639094,-0.9623495579151067,-0.12073438257777146,0.4494651566451426
567,-0.31705192151281963,-0.5471215795883,-0.049267617701111405,0.11597536212944261
568,-0.2925523774603282,-0.5509999584155099,-0.047457807015299794,0.14808044244712942
569,-0.4586781034207722,-1.039782337742013,-0.12480451802597886,0.6585155379228318
570,-0.46775340314595854,-1.250704394174838,-0.13169301347890117,0.9933425636141298
571,-0.21613544396837356,-0.29773881887331943,-0.019705160088501556,-0.23892886742110325
572,-0.03668254892438611,-0.008532760239870634,0.04734641559230106,-0.09429575111178518
573,-0.2397154700971934,-0.3195364239298792,-0.024332687352808514,-0.09743199364815362
574,-0.5938897518194589,-1.4622549845495574,-0.18863326637479294,0.9122051980876993
575,-0.09151017071566679,0.2638925970037299,0.03888267925841253,-0.6757675393559104
576,-0.31432209913959663,-0.6250524754844717,-0.0511466875377611,0.24539826649318577
577,-0.07343970057689019,0.23813515525523735,0.04761767484945202,0.14193727501567432
578,-0.42289353263392054,-1.0352646989218868,-0.13161140477245037,0.4510960025519023
579,-0.22170842983910313,-0.840266782734952,0.005543287413887372,1.0078804629298497
580,-0.21366000916430233,-0.23368711617516552,0.001680673562007781,-0.13764578846289668
581,0.11578543256137154,0.7831848359434522,0.09639897510860133,-1.2354789908560087
582,-0.21898167595545642,-0.38478353064301424,-0.03589237880510069,0.06132955255613617
583,-0.3221517376764313,-0.6529641759146348,-0.0721547103380106,1.095752682124969
584,-0.20793315277893104,-0.326745629687548,-0.03308732237017612,0.06786853155910309
585,1.279152779848509,-1.0191245853370958,-3.091624417454364,1.1953391393789612
586,2.5143966433142784,2.3547516320393704,-2.493237842197684,2.8138362582639544
587,6.460833312597991,14.468999326802283,0.9257047559710619,10.463275688106123
588,3.0099056461425895,5.157959551743476,-2.2883621458789185,-2.8040934292910706
589,1.9198014083921238,1.577787513102115,-2.80689566253111,-1.9292860562389622
590,-0.1588852138708958,0.10529640687263304,-0.049371272714002275,-0.2675672380617272
591,-0.3094267716077392,-0.2804530555363573,-0.08494004625528052,-0.10330395195855917
592,-0.3525812839416257,-0.5177808740705883,-0.09651809885491895,0.6235510819403323
593,-0.4931156204843982,-1.0810904855916745,-0.1945997022267567,0.8768931005016937
594,0.018471617545962958,0.7872556551119105,0.08883016696675264,0.1243319978778172
595,0.07720363327077814,1.0551616863310809,0.06576755447936056,-1.4573560685868971
596,-0.26699876677612844,-0.31998762229385014,-0.10581665245390322,0.15721657337533915
597,0.07986780362313639,1.2605321982425832,0.10420337094921302,-0.8607431147212031
598,-1.5004638873086285,-0.045369722471797866,-0.08371705086608235,0.5387696407467606
599,-0.4989301685080213,-0.3248072912954152,-0.32913703429447433,-0.012932631980150043
600,-0.04804162914484105,0.3728603388178447,0.07353813975258382,-0.5740055489822835
601,-0.18171963816159153,-0.14192452994313168,0.00949163033114669,-0.15394751183833053
602,-0.28888879690726693,-0.5692038215267322,-0.03402199848809611,0.34401999291360086
603,-0.17029298717064625,-0.3374460842076445,0.014413927123048873,1.1999149271146234
604,-0.1754606490424148,-0.2877841657998045,-0.02380497186994989,-0.2048244141341911
605,-0.2954630873456219,-0.5209412865132491,-0.047003731614301596,1.1953704383823667
606,-0.11887025082933596,0.18184186419430487,0.03225103404986438,-0.39579634841583233
607,-0.04883224772082271,0.5120452898210685,0.05888503464686693,-0.7805713042531439
608,-0.2748060551928139,-0.47845322956208963,-0.02790052264953754,0.0182647720232943
609,-0.5386522561968564,-1.5508560175666806,-0.16545439403322482,0.9802320133839321
610,-0.12059754817576883,0.14607345072469213,0.03411214921716649,-0.09216352710444341
611,-0.01737705050879928,0.5341458616660193,0.08233235521071929,-0.45567891146326767
612,-0.22691511490507293,-0.377337648153448,-0.01861478487970199,-0.19341363751384624
613,-0.013912543346115174,0.5825041103481978,0.07568742902994376,-0.5012735242127953
614,-0.24525822285984064,-0.34308912776025907,-0.020409264235618223,0.4867272548520843
615,-0.23982655685012502,-0.29164801742563246,-0.016763293187121494,0.38111907000456424
616,-0.06891442388554067,0.19304868681325485,0.028371747005897462,0.466516648910718
617,-0.0313646618641426,0.48597062229171123,0.07701139225015861,-0.36767836488457173
618,-0.07579617418207334,0.34197734963739734,0.05650986198227735,-0.2990602592276856
619,0.03665707154700976,0.7163593947768876,0.1108843060436811,-0.6619985901951837
620,-0.1886968026308027,-0.07355554487399377,0.0038321554789648763,0.16036779954856745
621,-0.3556658098809595,-0.896130744601923,-0.08575125794109052,1.2132576050472048
622,0.07923387623348405,1.0689414359576555,0.131846700573398,-1.3091306616850475
623,-0.0739629465835243,0.34999832393071145,0.04549630988482823,-0.40350559781641177
624,0.07013511380027433,0.799549910407318,0.1262159560969931,-0.917623567860666
625,0.08908521758619017,0.9549612657072329,0.13686535263956637,-1.1224315646037024
626,0.08249671911909938,0.9637900817593208,0.12717826373463753,-1.000947768878386
627,-0.48560460035958003,-0.9917083320091188,-0.15095812852130625,0.9286472771167569
628,-0.020656095800383856,0.5457132905974784,0.071785836342246,-0.47253723428509264
629,-0.5351284917656686,-1.0578788822276595,-0.16287738792536072,0.5543089793616413
630,-0.16948712803895505,-0.06661470571083165,0.016473013482041502,0.02816709429306873
631,0.004848013445481282,0.5871387652180443,0.08918220125259226,-0.5256330739815088
632,11.213046213940148,-4.785840818524959,1.0799945618042195,0.5274053782532172
633,-0.16687396749023353,0.05132994624618814,0.007973721838334042,-0.025289948036446505
634,-0.4213359514259623,-0.5036876259684918,-0.13022256612891206,-0.011199544166145823
635,-0.06625096003553825,0.28915162245923104,0.05704412427464845,-0.2692917219092841
636,-0.2951316875590877,-0.6079946673224068,-0.06176746398350287,0.004640108411932658
637,-0.025229806366367714,0.5209334737764493,0.07234287357011904,-0.5613643954909812
638,-0.16401009965784777,-0.01224123324529217,0.014643468822799406,0.08469055220995304
639,-0.2029405510123377,-0.15538552468087602,-0.008392808640299542,0.029741295921651773
640,-0.11099395212152559,0.2397463086690417,0.030349017188540807,-0.2775317798487258
641,-0.09651030071181017,0.3059124296787187,0.03926467326532071,-0.25392440400646016
642,-0.1559925182933279,0.19621932598434555,0.020134576386815865,-0.34359143396750325
643,-0.09137284010201431,0.26638108990398746,0.04822811411111923,-0.21701595821011205
644,-0.054651755474330516,0.4237088308761462,0.05654335653125373,-0.45637135844095045
645,0.07535123335516107,0.9680222135101458,0.11708010990427352,-1.0054815296708566
646,-0.10009222563383795,0.23228795558508888,0.03551651971417712,-0.2833427527648613
647,-0.2085229420240111,-0.186807350042237,-0.0115035133695198,0.1326641233590595
648,10.112942683401227,-4.892542283793232,-0.2084540640878252,0.18740787720958504
649,-0.3062899609292712,-0.5122651373685595,-0.05447354765375662,0.18108150627603217
650,-0.008559312778207002,0.8794948201398648,0.07858315688135939,-1.2224086623328867
651,-0.450276142406176,-1.2533992519335682,-0.11841120401023232,0.6840414226726632
652,-0.13648637733001678,0.05930568787226733,0.023457592992694884,-0.2696067545547345
653,-0.15284055909851624,0.06469709143815905,0.015787398325803146,0.00783312494881582
654,-0.2439813381717014,-0.3987241295946833,-0.030726148116298254,0.4286771944044195
655,10.232921448750753,-4.723182219296052,-0.12879020805987923,0.24542424199786153
656,-0.13478572144025341,0.4439062517290559,0.014241883956259705,-0.8116662359650566
657,-0.23245145893269517,-0.24286320453498342,-0.0307427889006695,0.22520198311512132
658,-0.1897147205967704,-0.11694847300028892,0.00579796912089147,0.19434937625212048
659,-0.039391981546758645,0.4901576434600768,0.07427968854769516,-0.44294118971231483
660,-0.08241815051096739,0.3956282518595582,0.03840888836996687,-0.18664995740440288
661,-0.04345671408189447,0.39693679569708457,0.0726400228695381,-0.3039044397377594
662,-0.032293978089852765,0.5108085843797597,0.0643205704819697,-0.5438292278399719
663,-0.0875341744453496,0.325326154880505,0.035981455706933486,-0.3674154064492574
664,-0.2631309734805614,-0.4731273777270105,-0.027465799367832958,0.15534367917933153
665,0.16032158065322658,1.393156709794685,0.15965065927718497,-1.5620577977503625
666,-0.22820367880861106,-0.2086486169849549,-0.01796426091502295,0.26974042528820796
667,-0.20950091975832416,-0.1331776927424374,-0.010386164950870724,0.20054910396609354
668,-0.17941442695847953,-0.05032585924359122,-0.0037138111790985437,-0.003629904543634575
669,-0.13867949543115904,0.12342415346860347,0.024622685358165825,-0.10508466615285957
670,-0.11862246739407566,0.2077968031412501,0.028145216820380348,-0.12797681667444571
671,-0.5002784767349444,-1.1755548307489532,-0.1530868129173971,0.8092170942098006
672,-0.07461192666828614,0.31274603433888165,0.05438581741561607,-0.22628106352972083
673,-0.034642251657074304,0.49155655832945666,0.062034783790213745,-0.570991264827084
674,0.043817505125888986,0.7676004147807313,0.10339743402424187,-0.8793739441486753
675,0.12619605646570978,3.31880736342217,0.43156429617530806,1.7945490039761822
676,0.45271568952570557,3.686697877970118,0.47950746576412046,1.0314624317483616
677,0.0591622886626338,0.8606051519568444,0.11558915470172826,-0.7968155095569437
678,-0.1015630016524223,0.21081043280499615,0.046152460861248024,-0.107681260464598
679,-0.1639620474454283,0.016639316719280674,0.01172360732580723,0.07301132955658925
680,-0.0082913833300593,0.6647291004423355,0.08048456376595016,-0.6963437642810771
681,0.025849040588004066,0.715604535366339,0.10032777761034385,-0.6290972852275243
682,-0.027979081057359294,0.4907827191216208,0.07229565724991092,-0.4193280723333507
683,-0.12608343619161191,0.2829168473228164,0.028254574070150223,-0.26422073817990305
684,0.046223679745831726,0.7844042439347071,0.1063716580450946,-0.7339478293511561
685,-0.08052645962504103,0.415661414545234,0.041011061131219134,-0.4590393046395723
686,-0.12704169353002095,0.07894188698748238,0.040822142978927736,-0.0206843424912088
687,0.27056981781314665,1.49535226103739,0.2174615859703026,-2.1731744203551044
688,-0.36354862398596216,-0.3246125064646288,-0.09450179153008906,-0.20022769901726414
689,-0.1957391689582626,-0.13227472908290194,0.0008320075340471699,0.18893365407196636
690,0.04449367522004236,0.7673927303180254,0.1099475376933659,-0.7004865862459138
691,-0.12803445799472515,-0.038072042255507976,0.027928211553443476,0.8654031156368233
692,-0.07509650899338194,0.2996081950875357,0.06002914781267829,-0.22766175104364408
693,-0.22282143855140024,-0.24688368464102042,-0.010753861116029873,0.30964907515391915
694,-0.21123951122728973,-0.08280084464938303,-0.01181974612783469,-0.04756500302608189
695,-0.0665989138119527,0.4761556410365531,0.04532527002764821,-0.4869199036573112
696,-0.14890486255844493,0.0015152716236621667,0.02172154724145616,0.08070220369602771
697,-0.15328953919542085,0.07096005573061809,0.016165016868647575,-0.022547028663622203
698,-0.09350885128517138,0.2679288469147529,0.04384556218719716,-0.2230435222024925
699,-0.11090015508477767,0.19368041096345903,0.0311747445248596,-0.10623042246629893
700,-0.1799118430477157,-0.08856907127272666,0.006636359052925079,0.17271441029949458
701,-0.066990417737513,0.5283857141544852,0.0818569602673454,-0.9775142511014914
702,-0.15157110671717916,0.027269598401462022,0.022619055525649318,0.017958078979356917
703,-0.14588573050635117,0.0614157613370803,0.026130544760013735,-0.02960067561376749
704,-0.07922787949933546,0.2956984142937204,0.047612238594393584,-0.19848876960446152
705,-0.08191694392139129,0.2915166578881005,0.04687208771594904,-0.21591384589341064
706,-0.061341750911006354,0.32983764215502487,0.06179691212169327,-0.2677249780846206
707,-0.08658997361340566,0.3225898762610272,0.04004806841295932,-0.38792979362799546
708,-0.1745819376443096,-0.04447112991097915,0.009197899895868797,0.10191581691979905
709,-0.13783476528409858,0.1139655954272283,0.027502951282928265,-0.025879070522092668
710,0.11382306770297163,1.2217545930870228,0.13122242405873621,-1.3095463724625103
711,-0.12024437465871783,0.1657524024291723,0.02583825137719054,-0.1942635826752384
712,-0.037539322381985485,0.4236332844513244,0.06891407772791726,-0.36311807578878535
713,-0.1430631945353863,0.09934102333522822,0.01972428053886926,-0.04053807845233971
714,-0.15082466590565521,0.12910591905609706,0.011087468755320611,-0.1371919931317194
715,-0.3925468578346368,-1.0177591315899315,-0.09476054272061692,0.44221523103601845
716,-0.23335974008983862,0.05700223829243096,-0.054210169326002845,-0.015456654112867525
717,-0.0033406483983907816,0.5670956521262145,0.08816643348088092,-0.49918591226955217
718,-0.42289353263392054,-1.0352646989218868,-0.13161140477245037,0.4510960025519023
719,4.786682133688451,4.173744034391218,-2.5571633488477663,0.45011214509359676
720,-0.5496548944746532,-1.5125064391734937,-0.1640002843648628,1.0187284949916604
721,-0.33397209389108123,-0.7884482031522134,-0.07057697299194157,0.21074436557819853
